{"cameraMode":{"drawMode":0,"name":"Shaded","section":"Shading Mode"},"sceneLighting":false,"audioPlay":false,"sceneViewState":{"showFog":true,"showMaterialUpdate":false,"showSkybox":false,"showFlares":true,"showImageEffects":true,"showParticleSystems":true},"in2DMode":false,"pivot":{"x":0.0,"y":-0.13000011444091798,"z":1.3269999027252198},"rotation":{"x":-0.06413920968770981,"y":0.9259812831878662,"z":-0.1834769994020462,"w":-0.3237030506134033},"size":5.838000297546387,"orthographic":false}