{"cameraMode":{"drawMode":0,"name":"Shaded","section":"Shading Mode"},"sceneLighting":true,"audioPlay":false,"sceneViewState":{"showFog":true,"showMaterialUpdate":false,"showSkybox":true,"showFlares":true,"showImageEffects":true,"showParticleSystems":true},"in2DMode":false,"pivot":{"x":120.1654281616211,"y":71.57803344726563,"z":-81.89468383789063},"rotation":{"x":-0.028078779578208925,"y":-0.39768072962760928,"z":0.012175342999398709,"w":-0.9170201420783997},"size":125.09326171875,"orthographic":false}